,date,open,high,low,close,volume,adjclose,numerator,denominator,splitRatio,type,data
0,1610721000,852.0,859.9000244140625,819.0999755859375,826.1599731445312,38647900.0,826.1599731445312,,,,,
1,1610634600,843.3900146484375,863.0,838.75,845.0,31266300.0,845.0,,,,,
2,1610548200,852.760009765625,860.469970703125,832.0,854.4099731445312,33312500.0,854.4099731445312,,,,,
3,1610461800,831.0,868.0,827.3400268554688,849.4400024414062,46270700.0,849.4400024414062,,,,,
4,1610375400,849.4000244140625,854.4299926757812,803.6199951171875,811.1900024414062,59554100.0,811.1900024414062,,,,,
5,1610116200,856.0,884.489990234375,838.3900146484375,880.02001953125,74661000.0,880.02001953125,,,,,
6,1610029800,777.6300048828125,816.989990234375,775.2000122070312,816.0399780273438,51498900.0,816.0399780273438,,,,,
7,1609943400,758.489990234375,774.0,749.0999755859375,755.97998046875,44700000.0,755.97998046875,,,,,
8,1609857000,723.6599731445312,740.8400268554688,719.2000122070312,735.1099853515625,32245200.0,735.1099853515625,,,,,
9,1609770600,719.4600219726562,744.489990234375,717.1900024414062,729.77001953125,48638200.0,729.77001953125,,,,,
10,1609425000,699.989990234375,718.719970703125,691.1199951171875,705.6699829101562,49570900.0,705.6699829101562,,,,,
11,1609338600,672.0,696.5999755859375,668.3599853515625,694.780029296875,42846000.0,694.780029296875,,,,,
12,1609252200,661.0,669.9000244140625,655.0,665.989990234375,22910800.0,665.989990234375,,,,,
13,1609165800,674.510009765625,681.4000244140625,660.7999877929688,663.6900024414062,32278600.0,663.6900024414062,,,,,
14,1608820200,642.989990234375,666.0900268554688,641.0,661.77001953125,22865600.0,661.77001953125,,,,,
15,1608733800,632.2000122070312,651.5,622.5700073242188,645.97998046875,33173000.0,645.97998046875,,,,,
16,1608647400,648.0,649.8800048828125,614.22998046875,640.3400268554688,51716000.0,640.3400268554688,,,,,
17,1608561000,666.239990234375,668.5,646.0700073242188,649.8599853515625,58045300.0,649.8599853515625,,,,,
18,1608301800,668.9000244140625,695.0,628.5399780273438,695.0,222126200.0,695.0,,,,,
19,1608215400,628.1900024414062,658.8200073242188,619.5,655.9000244140625,56270100.0,655.9000244140625,,,,,
20,1608129000,628.22998046875,632.5,605.0,622.77001953125,42095800.0,622.77001953125,,,,,
21,1608042600,643.280029296875,646.9000244140625,623.7999877929688,633.25,45223600.0,633.25,,,,,
22,1607956200,619.0,642.75,610.2000122070312,639.8300170898438,52040600.0,639.8300170898438,,,,,
23,1607697000,615.010009765625,624.0,596.7999877929688,609.989990234375,46475000.0,609.989990234375,,,,,
24,1607610600,574.3699951171875,627.75,566.3400268554688,627.0700073242188,67083200.0,627.0700073242188,,,,,
25,1607524200,653.6900024414062,654.3200073242188,588.0,604.47998046875,71291200.0,604.47998046875,,,,,
26,1607437800,625.510009765625,651.280029296875,618.5,649.8800048828125,64265000.0,649.8800048828125,,,,,
27,1607351400,604.9199829101562,648.7899780273438,603.0499877929688,641.760009765625,56309700.0,641.760009765625,,,,,
28,1607092200,591.010009765625,599.0399780273438,585.5,599.0399780273438,29401300.0,599.0399780273438,,,,,
29,1607005800,590.02001953125,598.969970703125,582.4299926757812,593.3800048828125,42552000.0,593.3800048828125,,,,,
30,1606919400,556.4400024414062,571.5399780273438,541.2100219726562,568.8200073242188,47775700.0,568.8200073242188,,,,,
31,1606833000,597.5900268554688,597.8499755859375,572.0499877929688,584.760009765625,40382800.0,584.760009765625,,,,,
32,1606746600,602.2100219726562,607.7999877929688,554.510009765625,567.5999755859375,63003100.0,567.5999755859375,,,,,
33,1606487400,581.1599731445312,598.780029296875,578.4500122070312,585.760009765625,37561100.0,585.760009765625,,,,,
34,1606314600,550.0599975585938,574.0,545.3699951171875,574.0,48930200.0,574.0,,,,,
35,1606228200,540.4000244140625,559.989990234375,526.2000122070312,555.3800048828125,53648500.0,555.3800048828125,,,,,
36,1606141800,503.5,526.0,501.7900085449219,521.8499755859375,50260300.0,521.8499755859375,,,,,
37,1605882600,497.989990234375,502.5,489.05999755859375,489.6099853515625,32911900.0,489.6099853515625,,,,,
38,1605796200,492.0,508.6099853515625,487.57000732421875,499.2699890136719,62475300.0,499.2699890136719,,,,,
39,1605709800,448.3500061035156,496.0,443.5,486.6400146484375,78044000.0,486.6400146484375,,,,,
40,1605623400,460.1700134277344,462.0,433.010009765625,441.6099853515625,61188300.0,441.6099853515625,,,,,
41,1605537000,408.92999267578125,412.45001220703125,404.0899963378906,408.0899963378906,26838600.0,408.0899963378906,,,,,
42,1605277800,410.8500061035156,412.5299987792969,401.6600036621094,408.5,19771100.0,408.5,,,,,
43,1605191400,415.04998779296875,423.0,409.5199890136719,411.760009765625,19855100.0,411.760009765625,,,,,
44,1605105000,416.45001220703125,418.70001220703125,410.5799865722656,417.1300048828125,17357700.0,417.1300048828125,,,,,
45,1605018600,420.0899963378906,420.0899963378906,396.0299987792969,410.3599853515625,30284200.0,410.3599853515625,,,,,
46,1604932200,439.5,452.5,421.0,421.260009765625,34833000.0,421.260009765625,,,,,
47,1604673000,436.1000061035156,436.57000732421875,424.2799987792969,429.95001220703125,21706000.0,429.95001220703125,,,,,
48,1604586600,428.29998779296875,440.0,424.0,438.0899963378906,28414500.0,438.0899963378906,,,,,
49,1604500200,430.6199951171875,435.3999938964844,417.1000061035156,420.9800109863281,32143100.0,420.9800109863281,,,,,
50,1604413800,409.7300109863281,427.7699890136719,406.69000244140625,423.8999938964844,34351700.0,423.8999938964844,,,,,
51,1604327400,394.0,406.9800109863281,392.29998779296875,400.510009765625,29021100.0,400.510009765625,,,,,
52,1604064600,406.8999938964844,407.5899963378906,379.1099853515625,388.0400085449219,42511300.0,388.0400085449219,,,,,
53,1603978200,409.9599914550781,418.05999755859375,406.4599914550781,410.8299865722656,22655300.0,410.8299865722656,,,,,
54,1603891800,416.4800109863281,418.6000061035156,406.0,406.0199890136719,25451400.0,406.0199890136719,,,,,
55,1603805400,423.760009765625,430.5,420.1000061035156,424.67999267578125,22686500.0,424.67999267578125,,,,,
56,1603719000,411.6300048828125,425.760009765625,410.0,420.2799987792969,28239200.0,420.2799987792969,,,,,
57,1603459800,421.8399963378906,422.8900146484375,407.3800048828125,420.6300048828125,33717000.0,420.6300048828125,,,,,
58,1603373400,441.9200134277344,445.2300109863281,424.510009765625,425.7900085449219,39993200.0,425.7900085449219,,,,,
59,1603287000,422.70001220703125,432.95001220703125,421.25,422.6400146484375,32370500.0,422.6400146484375,,,,,
60,1603200600,431.75,431.75,419.04998779296875,421.94000244140625,31656300.0,421.94000244140625,,,,,
61,1603114200,446.239990234375,447.0,428.8699951171875,430.8299865722656,36287800.0,430.8299865722656,,,,,
62,1602855000,454.44000244140625,455.95001220703125,438.8500061035156,439.6700134277344,32775900.0,439.6700134277344,,,,,
63,1602768600,450.30999755859375,456.57000732421875,442.5,448.8800048828125,35672400.0,448.8800048828125,,,,,
64,1602682200,449.7799987792969,465.8999938964844,447.3500061035156,461.29998779296875,48045400.0,461.29998779296875,,,,,
65,1602595800,443.3500061035156,448.8900146484375,436.6000061035156,446.6499938964844,34463700.0,446.6499938964844,,,,,
66,1602509400,442.0,448.739990234375,438.5799865722656,442.29998779296875,38791100.0,442.29998779296875,,,,,
67,1602250200,430.1300048828125,434.5899963378906,426.4599914550781,434.0,28925700.0,434.0,,,,,
68,1602163800,438.44000244140625,439.0,425.29998779296875,425.9200134277344,40421100.0,425.9200134277344,,,,,
69,1602077400,419.8699951171875,429.8999938964844,413.8500061035156,425.29998779296875,43127700.0,425.29998779296875,,,,,
70,1601991000,423.7900085449219,428.7799987792969,406.04998779296875,413.9800109863281,49146300.0,413.9800109863281,,,,,
71,1601904600,423.3500061035156,433.6400146484375,419.3299865722656,425.67999267578125,44722800.0,425.67999267578125,,,,,
72,1601645400,421.3900146484375,439.1300048828125,415.0,415.0899963378906,71430000.0,415.0899963378906,,,,,
73,1601559000,440.760009765625,448.8800048828125,434.4200134277344,448.1600036621094,50741500.0,448.1600036621094,,,,,
74,1601472600,421.32000732421875,433.92999267578125,420.4700012207031,429.010009765625,48145600.0,429.010009765625,,,,,
75,1601386200,416.0,428.5,411.6000061035156,419.07000732421875,50219300.0,419.07000732421875,,,,,
76,1601299800,424.6199951171875,428.0799865722656,415.54998779296875,421.20001220703125,49719600.0,421.20001220703125,,,,,
77,1601040600,393.4700012207031,408.7300109863281,391.29998779296875,407.3399963378906,67208500.0,407.3399963378906,,,,,
78,1600954200,363.79998779296875,399.5,351.29998779296875,387.7900085449219,96561100.0,387.7900085449219,,,,,
79,1600867800,405.1600036621094,412.1499938964844,375.8800048828125,380.3599853515625,95074200.0,380.3599853515625,,,,,
80,1600781400,429.6000061035156,437.760009765625,417.6000061035156,424.2300109863281,79580800.0,424.2300109863281,,,,,
81,1600695000,453.1300048828125,455.67999267578125,407.07000732421875,449.3900146484375,109476800.0,449.3900146484375,,,,,
82,1600435800,447.94000244140625,451.0,428.79998779296875,442.1499938964844,86406800.0,442.1499938964844,,,,,
83,1600349400,415.6000061035156,437.7900085449219,408.0,423.42999267578125,76779200.0,423.42999267578125,,,,,
84,1600263000,439.8699951171875,457.7900085449219,435.30999755859375,441.760009765625,72279300.0,441.760009765625,,,,,
85,1600176600,436.55999755859375,461.94000244140625,430.70001220703125,449.760009765625,97298200.0,449.760009765625,,,,,
86,1600090200,380.95001220703125,420.0,373.29998779296875,419.6199951171875,83020600.0,419.6199951171875,,,,,
87,1599831000,381.94000244140625,382.5,360.5,372.7200012207031,60717500.0,372.7200012207031,,,,,
88,1599744600,386.2099914550781,398.989990234375,360.55999755859375,371.3399963378906,84930600.0,371.3399963378906,,,,,
89,1599658200,356.6000061035156,369.0,341.510009765625,366.2799987792969,79465800.0,366.2799987792969,,,,,
90,1599571800,356.0,368.739990234375,329.8800048828125,330.2099914550781,115465700.0,330.2099914550781,,,,,
91,1599226200,402.80999755859375,428.0,372.0199890136719,418.32000732421875,110321900.0,418.32000732421875,,,,,
92,1599139800,407.2300109863281,431.79998779296875,402.0,407.0,87596100.0,407.0,,,,,
93,1599053400,478.989990234375,479.0400085449219,405.1199951171875,447.3699951171875,96176100.0,447.3699951171875,,,,,
94,1598967000,502.1400146484375,502.489990234375,470.510009765625,475.04998779296875,90119400.0,475.04998779296875,,,,,
95,1598880600,444.6099853515625,500.1400146484375,440.1099853515625,498.32000732421875,118374400.0,498.32000732421875,,,,,
96,1598880600,,,,,,,5.0,1.0,5:1,SPLIT,5:1
97,1598621400,459.02398681640625,463.697998046875,437.3039855957031,442.67999267578125,100406000.0,442.67999267578125,,,,,
98,1598535000,436.0920104980469,459.1199951171875,428.5,447.75,118465000.0,447.75,,,,,
99,1598448600,412.0,433.20001220703125,410.72601318359375,430.6340026855469,71197000.0,430.6340026855469,,,,,
100,1598362200,394.9779968261719,405.5899963378906,393.6000061035156,404.6679992675781,53294500.0,404.6679992675781,,,,,
101,1598275800,425.2560119628906,425.79998779296875,385.5039978027344,402.8399963378906,100318000.0,402.8399963378906,,,,,
102,1598016600,408.9519958496094,419.0979919433594,405.010009765625,409.9960021972656,107448000.0,409.9960021972656,,,,,
103,1597930200,372.135986328125,404.39801025390625,371.4119873046875,400.3659973144531,103059000.0,400.3659973144531,,,,,
104,1597843800,373.0,382.20001220703125,368.24200439453125,375.70599365234375,61026500.0,375.70599365234375,,,,,
105,1597757400,379.7980041503906,384.7799987792969,369.0220031738281,377.4179992675781,82372500.0,377.4179992675781,,,,,
106,1597671000,335.3999938964844,369.1719970703125,334.5660095214844,367.12799072265625,101211500.0,367.12799072265625,,,,,
107,1597411800,332.99798583984375,333.760009765625,325.3280029296875,330.1419982910156,62888000.0,330.1419982910156,,,,,
108,1597325400,322.20001220703125,330.2359924316406,313.4519958496094,324.20001220703125,102126500.0,324.20001220703125,,,,,
109,1597239000,294.0,317.0,287.0,310.9519958496094,109494000.0,310.9519958496094,,,,,
110,1597152600,279.20001220703125,284.0,273.0,274.87799072265625,43129000.0,274.87799072265625,,,,,
111,1597066200,289.6000061035156,291.5,277.1679992675781,283.7139892578125,37611500.0,283.7139892578125,,,,,
112,1596807000,299.9079895019531,299.95001220703125,283.00201416015625,290.5419921875,44482000.0,290.5419921875,,,,,
113,1596720600,298.1659851074219,303.4620056152344,295.4519958496094,297.9159851074219,29961500.0,297.9159851074219,,,,,
114,1596634200,298.5979919433594,299.9679870605469,293.6619873046875,297.0039978027344,24890000.0,297.0039978027344,,,,,
115,1596547800,299.00201416015625,305.48199462890625,292.3999938964844,297.3999938964844,42075000.0,297.3999938964844,,,,,
116,1596461400,289.8399963378906,301.9620056152344,288.8760070800781,297.0,44046500.0,297.0,,,,,
117,1596202200,303.0,303.4100036621094,284.1960144042969,286.1520080566406,61235000.0,286.1520080566406,,,,,
118,1596115800,297.6000061035156,302.64801025390625,294.20001220703125,297.49798583984375,38105000.0,297.49798583984375,,,,,
119,1596029400,300.20001220703125,306.9620056152344,297.3999938964844,299.8219909667969,47134500.0,299.8219909667969,,,,,
120,1595943000,300.79998779296875,312.94000244140625,294.8840026855469,295.2980041503906,79043500.0,295.2980041503906,,,,,
121,1595856600,287.0,309.5880126953125,282.6000061035156,307.9200134277344,80243500.0,307.9200134277344,,,,,
122,1595597400,283.2019958496094,293.0,273.3080139160156,283.3999938964844,96983000.0,283.3999938964844,,,,,
123,1595511000,335.7900085449219,337.79998779296875,296.15399169921875,302.614013671875,121642500.0,302.614013671875,,,,,
124,1595424600,319.79998779296875,325.28399658203125,312.3999938964844,318.46600341796875,70805500.0,318.46600341796875,,,,,
125,1595338200,327.9859924316406,335.0,311.6000061035156,313.6719970703125,80786500.0,313.6719970703125,,,,,
126,1595251800,303.802001953125,330.0,297.6000061035156,328.6000061035156,85607000.0,328.6000061035156,,,,,
127,1594992600,302.69000244140625,307.50201416015625,298.0,300.1679992675781,46650000.0,300.1679992675781,,,,,
128,1594906200,295.4320068359375,306.3420104980469,293.20001220703125,300.12799072265625,71504000.0,300.12799072265625,,,,,
129,1594819800,308.6000061035156,310.0,291.3999938964844,309.2019958496094,81839000.0,309.2019958496094,,,,,
130,1594733400,311.20001220703125,318.0,286.20001220703125,303.3599853515625,117090500.0,303.3599853515625,,,,,
131,1594647000,331.79998779296875,358.99798583984375,294.22198486328125,299.4119873046875,194927000.0,299.4119873046875,,,,,
132,1594387800,279.20001220703125,309.78399658203125,275.2019958496094,308.92999267578125,116688000.0,308.92999267578125,,,,,
133,1594301400,279.39801025390625,281.7120056152344,270.2560119628906,278.8559875488281,58588000.0,278.8559875488281,,,,,
134,1594215000,281.0,283.4519958496094,262.26800537109375,273.1759948730469,81556500.0,273.1759948730469,,,,,
135,1594128600,281.00201416015625,285.8999938964844,267.3420104980469,277.97198486328125,107448500.0,277.97198486328125,,,,,
136,1594042200,255.33799743652344,275.5580139160156,253.20799255371094,274.3160095214844,102849500.0,274.3160095214844,,,,,
137,1593696600,244.29600524902344,245.60000610351562,237.1199951171875,241.73199462890625,86250500.0,241.73199462890625,,,,,
138,1593610200,216.60000610351562,227.0659942626953,216.10000610351562,223.92599487304688,66634500.0,223.92599487304688,,,,,
139,1593523800,201.3000030517578,217.53799438476562,200.74600219726562,215.96200561523438,84592500.0,215.96200561523438,,,,,
140,1593437400,193.802001953125,202.0,189.70399475097656,201.8699951171875,45132000.0,201.8699951171875,,,,,
141,1593178200,198.95599365234375,199.0,190.9739990234375,191.947998046875,44274500.0,191.947998046875,,,,,
142,1593091800,190.85400390625,197.1959991455078,187.42999267578125,197.1959991455078,46272500.0,197.1959991455078,,,,,
143,1593005400,198.82200622558594,200.17599487304688,190.6280059814453,192.1699981689453,54798000.0,192.1699981689453,,,,,
144,1592919000,199.7760009765625,202.39999389648438,198.802001953125,200.3560028076172,31826500.0,200.3560028076172,,,,,
145,1592832600,199.99000549316406,201.7760009765625,198.00399780273438,198.86399841308594,31812000.0,198.86399841308594,,,,,
146,1592573400,202.55599975585938,203.19400024414062,198.26800537109375,200.17999267578125,43398500.0,200.17999267578125,,,,,
147,1592487000,200.60000610351562,203.83999633789062,198.8939971923828,200.79200744628906,48759500.0,200.79200744628906,,,,,
148,1592400600,197.54200744628906,201.0,196.51400756835938,198.35800170898438,49454000.0,198.35800170898438,,,,,
149,1592314200,202.3699951171875,202.5760040283203,192.47799682617188,196.42599487304688,70255500.0,196.42599487304688,,,,,
150,1592227800,183.55799865722656,199.76800537109375,181.6999969482422,198.17999267578125,78486000.0,198.17999267578125,,,,,
151,1591968600,196.0,197.5959930419922,182.52000427246094,187.05599975585938,83817000.0,187.05599975585938,,,,,
152,1591882200,198.0399932861328,203.79200744628906,194.39999389648438,194.5679931640625,79582500.0,194.5679931640625,,,,,
153,1591795800,198.37600708007812,205.49600219726562,196.5,205.00999450683594,92817000.0,205.00999450683594,,,,,
154,1591709400,188.0019989013672,190.88800048828125,184.78599548339844,188.13400268554688,56941000.0,188.13400268554688,,,,,
155,1591623000,183.8000030517578,190.0,181.83200073242188,189.98399353027344,70873500.0,189.98399353027344,,,,,
156,1591363800,175.5679931640625,177.3040008544922,173.24000549316406,177.1320037841797,39059500.0,177.1320037841797,,,,,
157,1591277400,177.9759979248047,179.14999389648438,171.68800354003906,172.87600708007812,44438500.0,172.87600708007812,,,,,
158,1591191000,177.62399291992188,179.58799743652344,176.02000427246094,176.5919952392578,39747500.0,176.5919952392578,,,,,
159,1591104600,178.94000244140625,181.73199462890625,174.1999969482422,176.31199645996094,67828000.0,176.31199645996094,,,,,
160,1591018200,171.60000610351562,179.8000030517578,170.82000732421875,179.6199951171875,74697500.0,179.6199951171875,,,,,
161,1590759000,161.75,167.0,160.8419952392578,167.0,59062500.0,167.0,,,,,
162,1590672600,162.70199584960938,164.9499969482422,160.33799743652344,161.16200256347656,36278000.0,161.16200256347656,,,,,
163,1590586200,164.1719970703125,165.54200744628906,157.0,164.04600524902344,57747500.0,164.04600524902344,,,,,
164,1590499800,166.89999389648438,166.9199981689453,163.14199829101562,163.7740020751953,40448500.0,163.7740020751953,,,,,
165,1590154200,164.4340057373047,166.3560028076172,162.39999389648438,163.37600708007812,49937500.0,163.37600708007812,,,,,
166,1590067800,163.1999969482422,166.5,159.1999969482422,165.52000427246094,61273000.0,165.52000427246094,,,,,
167,1589981400,164.10000610351562,165.1999969482422,162.36000061035156,163.11199951171875,36546500.0,163.11199951171875,,,,,
168,1589895000,163.03399658203125,164.41400146484375,161.21600341796875,161.6020050048828,48182500.0,161.6020050048828,,,,,
169,1589808600,165.55599975585938,166.94400024414062,160.7760009765625,162.7259979248047,58490500.0,162.7259979248047,,,,,
170,1589549400,158.07000732421875,161.00999450683594,157.30999755859375,159.83399963378906,52592000.0,159.83399963378906,,,,,
171,1589463000,156.0,160.6719970703125,152.8000030517578,160.66600036621094,68411000.0,160.66600036621094,,,,,
172,1589376600,164.16600036621094,165.1999969482422,152.66000366210938,158.19200134277344,95327500.0,158.19200134277344,,,,,
173,1589290200,165.39999389648438,168.6580047607422,161.60000610351562,161.8820037841797,79534500.0,161.8820037841797,,,,,
174,1589203800,158.1020050048828,164.8000030517578,157.0,162.25799560546875,82598000.0,162.25799560546875,,,,,
175,1588944600,158.75399780273438,164.8000030517578,157.40199279785156,163.88400268554688,80650500.0,163.88400268554688,,,,,
176,1588858200,155.44200134277344,159.27999877929688,154.47000122070312,156.00799560546875,57638500.0,156.00799560546875,,,,,
177,1588771800,155.3000030517578,157.9600067138672,152.2220001220703,156.51600646972656,55616000.0,156.51600646972656,,,,,
178,1588685400,157.95799255371094,159.78399658203125,152.43600463867188,153.64199829101562,84958500.0,153.64199829101562,,,,,
179,1588599000,140.1999969482422,152.39999389648438,139.60000610351562,152.23800659179688,96185500.0,152.23800659179688,,,,,
180,1588339800,151.0,154.5540008544922,136.60800170898438,140.26400756835938,162659000.0,140.26400756835938,,,,,
181,1588253400,171.03799438476562,173.96400451660156,152.6999969482422,156.37600708007812,142359500.0,156.37600708007812,,,,,
182,1588167000,158.03399658203125,160.63999938964844,156.6320037841797,160.1020050048828,81080000.0,160.1020050048828,,,,,
183,1588080600,159.1280059814453,161.0,151.33799743652344,153.82400512695312,76110000.0,153.82400512695312,,,,,
184,1587994200,147.52200317382812,159.8979949951172,147.0,159.75,103407000.0,159.75,,,,,
185,1587735000,142.16200256347656,146.14599609375,139.63600158691406,145.02999877929688,66188000.0,145.02999877929688,,,,,
186,1587648600,145.52000427246094,146.8000030517578,140.62600708007812,141.12600708007812,66183500.0,141.12600708007812,,,,,
187,1587562200,140.79600524902344,146.8000030517578,137.74200439453125,146.4219970703125,71124000.0,146.4219970703125,,,,,
188,1587475800,146.0240020751953,150.66600036621094,134.75799560546875,137.343994140625,101045500.0,137.343994140625,,,,,
189,1587389400,146.5399932861328,153.11399841308594,142.44200134277344,149.27200317382812,73733000.0,149.27200317382812,,,,,
190,1587130200,154.45599365234375,154.99000549316406,149.53199768066406,150.7779998779297,65641000.0,150.7779998779297,,,,,
191,1587043800,143.38800048828125,151.88999938964844,141.343994140625,149.04200744628906,103289500.0,149.04200744628906,,,,,
192,1586957400,148.39999389648438,150.62600708007812,142.0,145.96600341796875,117885000.0,145.96600341796875,,,,,
193,1586871000,139.79400634765625,148.37600708007812,138.48599243164062,141.97799682617188,152882500.0,141.97799682617188,,,,,
194,1586784600,118.03199768066406,130.39999389648438,116.10600280761719,130.19000244140625,112377000.0,130.19000244140625,,,,,
195,1586439000,112.41799926757812,115.03600311279297,111.4219970703125,114.5999984741211,68250000.0,114.5999984741211,,,,,
196,1586352600,110.83999633789062,111.44200134277344,106.66600036621094,109.76799774169922,63280000.0,109.76799774169922,,,,,
197,1586266200,109.0,113.0,106.46800231933594,109.08999633789062,89599000.0,109.08999633789062,,,,,
198,1586179800,102.23999786376953,104.19999694824219,99.59200286865234,103.24800109863281,74509000.0,103.24800109863281,,,,,
199,1585920600,101.9000015258789,103.0979995727539,93.6780014038086,96.00199890136719,112810500.0,96.00199890136719,,,,,
200,1585834200,96.20600128173828,98.85199737548828,89.27999877929688,90.89399719238281,99292000.0,90.89399719238281,,,,,
201,1585747800,100.80000305175781,102.79000091552734,95.0199966430664,96.31199645996094,66766000.0,96.31199645996094,,,,,
202,1585661400,100.25,108.59200286865234,99.4000015258789,104.80000305175781,88857500.0,104.80000305175781,,,,,
203,1585575000,102.052001953125,103.33000183105469,98.24600219726562,100.4260025024414,59990500.0,100.4260025024414,,,,,
204,1585315800,101.0,105.16000366210938,98.80599975585938,102.87200164794922,71887000.0,102.87200164794922,,,,,
205,1585229400,109.47799682617188,112.0,102.44999694824219,105.63200378417969,86903500.0,105.63200378417969,,,,,
206,1585143000,109.05000305175781,111.4000015258789,102.22200012207031,107.8499984741211,106113500.0,107.8499984741211,,,,,
207,1585056600,95.45999908447266,102.73799896240234,94.80000305175781,101.0,114476000.0,101.0,,,,,
208,1584970200,86.72000122070312,88.4000015258789,82.0999984741211,86.85800170898438,82272500.0,86.85800170898438,,,,,
209,1584711000,87.63999938964844,95.4000015258789,85.15799713134766,85.50599670410156,141427500.0,85.50599670410156,,,,,
210,1584624600,74.94000244140625,90.4000015258789,71.69200134277344,85.52799987792969,150977500.0,85.52799987792969,,,,,
211,1584538200,77.80000305175781,80.97200012207031,70.10199737548828,72.24400329589844,118931000.0,72.24400329589844,,,,,
212,1584451800,88.00199890136719,94.37000274658203,79.19999694824219,86.04000091552734,119973000.0,86.04000091552734,,,,,
213,1584365400,93.9000015258789,98.9739990234375,88.43399810791016,89.01399993896484,102447500.0,89.01399993896484,,,,,
214,1584106200,119.0,121.51399993896484,100.4000015258789,109.3239974975586,113201500.0,109.3239974975586,,,,,
215,1584019800,116.1780014038086,118.9000015258789,109.25,112.11000061035156,94545500.0,112.11000061035156,,,,,
216,1583933400,128.0399932861328,130.71600341796875,122.5999984741211,126.84600067138672,66612500.0,126.84600067138672,,,,,
217,1583847000,131.88600158691406,133.60000610351562,121.5999984741211,129.0659942626953,77972000.0,129.0659942626953,,,,,
218,1583760600,121.0780029296875,132.60000610351562,121.0,121.5999984741211,85368500.0,121.5999984741211,,,,,
219,1583505000,138.0,141.39999389648438,136.85400390625,140.6959991455078,63314500.0,140.6959991455078,,,,,
220,1583418600,144.75399780273438,149.14999389648438,143.61399841308594,144.9080047607422,54263500.0,144.9080047607422,,,,,
221,1583332200,152.79200744628906,153.3040008544922,144.9459991455078,149.89999389648438,75245000.0,149.89999389648438,,,,,
222,1583245800,161.0,161.39599609375,143.2220001220703,149.1020050048828,128920000.0,149.1020050048828,,,,,
223,1583159400,142.2519989013672,148.73800659179688,137.33399963378906,148.7239990234375,100975000.0,148.7239990234375,,,,,
224,1582900200,125.94000244140625,138.10400390625,122.30400085449219,133.59800720214844,122821000.0,133.59800720214844,,,,,
225,1582813800,146.0,147.95399475097656,133.8000030517578,135.8000030517578,121386000.0,135.8000030517578,,,,,
226,1582727400,156.5,162.66200256347656,155.2220001220703,155.75999450683594,70427500.0,155.75999450683594,,,,,
227,1582641000,169.8000030517578,171.32000732421875,157.39999389648438,159.98199462890625,86452500.0,159.98199462890625,,,,,
228,1582554600,167.8000030517578,172.6999969482422,164.44000244140625,166.75799560546875,75961000.0,166.75799560546875,,,,,
229,1582295400,181.39599609375,182.61199951171875,176.08999633789062,180.1999969482422,71574000.0,180.1999969482422,,,,,
230,1582209000,182.38999938964844,182.39999389648438,171.98800659179688,179.8820037841797,88174500.0,179.8820037841797,,,,,
231,1582122600,184.6999969482422,188.95599365234375,180.20399475097656,183.48399353027344,127115000.0,183.48399353027344,,,,,
232,1582036200,168.32000732421875,172.0,166.4720001220703,171.67999267578125,81908500.0,171.67999267578125,,,,,
233,1581690600,157.44400024414062,162.593994140625,157.10000610351562,160.00599670410156,78468500.0,160.00599670410156,,,,,
234,1581604200,148.3679962158203,163.60000610351562,147.0,160.8000030517578,131446500.0,160.8000030517578,,,,,
235,1581517800,155.57400512695312,157.9499969482422,152.6739959716797,153.45799255371094,60112500.0,153.45799255371094,,,,,
236,1581431400,153.75799560546875,156.70199584960938,151.60000610351562,154.87600708007812,58487500.0,154.87600708007812,,,,,
237,1581345000,160.0,163.9980010986328,150.47999572753906,154.25599670410156,123446000.0,154.25599670410156,,,,,
238,1581085800,146.11000061035156,153.9499969482422,146.0,149.61399841308594,85317500.0,149.61399841308594,,,,,
239,1580999400,139.98399353027344,159.16600036621094,137.39999389648438,149.79200744628906,199404000.0,149.79200744628906,,,,,
240,1580913000,164.65199279785156,169.1959991455078,140.82200622558594,146.94000244140625,242119000.0,146.94000244140625,,,,,
241,1580826600,176.5919952392578,193.79800415039062,166.7760009765625,177.41200256347656,304694000.0,177.41200256347656,,,,,
242,1580740200,134.73800659179688,157.22799682617188,134.70399475097656,156.0,236167500.0,156.0,,,,,
243,1580481000,128.0,130.60000610351562,126.50399780273438,130.11399841308594,78596500.0,130.11399841308594,,,,,
244,1580394600,126.48400115966797,130.17599487304688,123.5999984741211,128.16200256347656,145028500.0,128.16200256347656,,,,,
245,1580308200,115.13800048828125,117.95999908447266,113.48600006103516,116.197998046875,89007500.0,116.197998046875,,,,,
246,1580221800,113.697998046875,115.36199951171875,111.61599731445312,113.37999725341797,58942500.0,113.37999725341797,,,,,
247,1580135400,108.39800262451172,112.88800048828125,107.85600280761719,111.60399627685547,68040500.0,111.60399627685547,,,,,
248,1579876200,114.1259994506836,114.77200317382812,110.85199737548828,112.96399688720703,71768000.0,112.96399688720703,,,,,
249,1579789800,112.8499984741211,116.4000015258789,111.12000274658203,114.44000244140625,98255000.0,114.44000244140625,,,,,
250,1579703400,114.37799835205078,118.9000015258789,111.81999969482422,113.91200256347656,156845000.0,113.91200256347656,,,,,
251,1579617000,106.05000305175781,109.71600341796875,105.68199920654297,109.44000244140625,89017500.0,109.44000244140625,,,,,
252,1579271400,101.52200317382812,103.13400268554688,100.63200378417969,102.0999984741211,68145500.0,102.0999984741211,,,,,
253,1579185000,98.75,102.89199829101562,98.43399810791016,102.697998046875,108683500.0,102.697998046875,,,,,
